[{"model": "itineraires.niveau", "pk": 1, "fields": {"niveau": 1}}, {"model": "itineraires.niveau", "pk": 2, "fields": {"niveau": 2}}, {"model": "itineraires.niveau", "pk": 3, "fields": {"niveau": 3}}, {"model": "itineraires.niveau", "pk": 4, "fields": {"niveau": 4}}, {"model": "itineraires.niveau", "pk": 5, "fields": {"niveau": 5}}, {"model": "itineraires.itineraire", "pk": 1, "fields": {"titre": "Mont Fourca", "point_depart": "Parking des Brougues", "description": "0h00 Parking des Brougues (1200m)\r\nZone aménagée à proximité du col de Traucadou, disposant d'une table d'orientation.\r\nEmprunter sur notre gauche un sentier signalé par un panneau \"col de Traucadou\" (direction Est).\r\nLe sentier s'élève à travers bois, et rejoint la piste forestière au niveau du col.\r\n\r\n0h10 Col de Troucadou (1253m)\r\nContinuer sur la piste de droite, signalée par un panneau \"Mont-Fourcat (direction Sud-Est). La piste fait plusieurs lacets qu'on peut facilement couper en suivant des sentes bien visibles.\r\nVers 1400m on abandonne la piste forestière pour suivre sur notre droite le sentier toujours bien balisé (direction Sud-Est).\r\nVers 1480m, on sort de la forêt. Poursuivre en obliquant légèrement à gauche pour rester au plus haut de la croupe (direction Sud-Est).\r\n10mn après quitté la forêt, remarquez un abri en pierres (orri) situé à une vingtaine de mètres sur votre gauche.\r\n\r\n1h00 Orri (1570m)\r\nContinuer en restant constamment sur la large croupe qui monte régulièrement à l'Est jusqu'au Pic de Lauzate.\r\n\r\n1h25 Pic de Lauzate (1790m)\r\nLaisser le pic à gauche et continuer en suivant toujours la croupe qui oblique à droite (Sud-Est).\r\n\r\n1h45 Cabane de Lauzate ou du Mont-Fourcat (1875m)\r\nCabane fermée depuis 2019.\r\nLe sentier passe entre la cabane et un abri sur notre droite.\r\nPoursuivre dans la même direction, en montée constante jusqu'au sommet.\r\n\r\n2h00 Mont Fourcat (2001m)\r\nVaste sommet d'où on peut jouir d'un magnifique panorama sur les Pyrénées ariégeoises, et notamment sur le tout proche pic de Saint Barthélemy.\r\n\r\nRetour par la cabane des Carmilles   distance: 6km ; dénivelé: -800m; durée: 1h45\r\n0h00 Mont Fourcat (2001m)\r\nRedescendre par le même itinéraire jusqu'aux abords de la forêt.\r\nPeu avant d'atteindre l'orri rencontré à l'aller, le sentier rejoint une clôture électrique sur notre gauche.\r\n0h45 Clôture électrique à proximité de l'orri (1590m)\r\nDescendre à gauche en suivant une sente longeant la clôture électrique (direction Sud-Ouest).\r\nAu bout de quelques minutes, on rejoint la forêt. Poursuivre sur la sente longeant la clôture en bordure de forêt.\r\nLa sente en bordure de clôture nous amène jusqu'au refuge.\r\n\r\n1h05 Cabane des Carmilles, ou Henri-Tartie, dit  l'Aynat (1344m)\r\nCabane ouverte, 4 places à l'étage, matelas, table, bancs, cheminée. Bois et eau à proximité.\r\nJuste avant la cabane, emprunter un large sentier herbeux sur notre droite (direction Nord-Est). 150m plus loin, laisser le sentier qui tourne à gauche, et poursuivre tout droit sur une petite sente.\r\nLa sente chemine à plat à travers bois, passe le lit d'un ruisseau, puis monte sur quelques mètres pour redescendre aussitôt.\r\nPoursuivre à plat encore quelques minutes pour rejoindre la piste de l'aller dans un virage en épingle.\r\n\r\n1h30 Intersection piste du Mont Fourcat (1314m)\r\nSuivre la piste à gauche. On rejoint rapidement le col de Traucadou, puis le parking.\r\n\r\n1h45 Parking des Brougues (1200m)", "altitude_depart": 2001, "altitude_max": 2001, "altitude_min": 2001, "denivele_positif": 800, "denivele_negatif": -800, "duree_estimee": 2.0, "difficulte_estimee": 1}}, {"model": "itineraires.itineraire", "pk": 2, "fields": {"titre": "Cabane d'Aula", "point_depart": "Vallée d'Estours", "description": "Balisage rouge et blanc (GR10) sur tous le parcours\r\n\r\nItinéraire aller   distance: 8.3km ; dénivelé: +875m; durée: 2h50\r\n0h00 Départ (675m)\r\nEmprunter direction Sud le GR10 qui longe rive droite le ruisseau d'Estours. Passer les Bordes de Crues, puis les Bordes de Fariet avant d'atteindre deux passerelles. Continuer toujours rive droite du ruisseau. Peut après, traverser le torrent de Bibet qui coule sur la gauche.\r\n\r\n1h00 Torrent de Bibet (930m)\r\nPoursuivre toujours sur le GR10, le long du ruisseau d'Estours.\r\nEn sortant de la forêt, on accède à un vaste plat où se trouve la cabane de l'Artigue.\r\n\r\n1h20 Cabane forestière de l'Artigue (1053m)\r\nA droite, de l'autre côté du torrent, on peut voir la magnifique cascade d'Arcouzan, haute de 80m. Des troncs de bois permettent de franchir les rues pour aller l'admirer au plus près.\r\n\r\nLe sentier se poursuit au Sud, en remontant rive droite du ruisseau de l'Artigue. Aller jusqu'à l'extrémité du plat de l'Artigue.\r\nA notre droite, de l'autre côté du torrent, on peut voir le fameux couloir de Faustin utilisé l'hiver par les alpinistes pour accéder au sommet du Valier.\r\n\r\nLe sentier traverse plusieurs ruisseaux, dont le dernier sur une passerelle, puis entre dans une hêtraie. Il monte en lacets dans le bois du Puech d'Aula sur la rive gauche du ruisseau d'Aula.\r\nEn sortant du bois, traverser de nouveau le ruisseau et monter en lacets rive droite jusqu'à un plateau herbeux où se trouve la cabane d'Aula.\r\n\r\n2h50 Cabane d'Aula (1550m)\r\n\r\nRetour   distance: 8.3km ; dénivelé: +470m -875m; durée: 2h00\r\nEmprunter le même chemin pour le retour.", "altitude_depart": 1550, "altitude_max": 1550, "altitude_min": 1550, "denivele_positif": 875, "denivele_negatif": -875, "duree_estimee": 2.5, "difficulte_estimee": 2}}, {"model": "itineraires.itineraire", "pk": 3, "fields": {"titre": "Pic de Montaud", "point_depart": "Port d'Aula", "description": "0h00 Col de Pause (1550m)\r\nEmprunter le GR10 sur la route du Port d'Aula (direction sud).\r\nAu bout de 10mn on atteint le premier lacet. On pourrait conserver la route jusqu'à la cabane d'Areau, mais il est plus agréable de suivre le sentier du GR10 (rouge et blanc) qui quitte la route dans le premier lacet pour monter tout droit (direction sud).\r\nVers 1660m le sentier s'oriente à droite, franchit un petit ruisseau et rejoint la route. La suivre  brièvement, jusqu'à la cabane d'Areau.\r\n\r\n0h25 Cabane d'Areau (1696m)\r\nCabane fermée\r\nLaisser la cabane sur notre droite. Quitter la piste lorsqu'elle tourne à gauche pour poursuivre tout droit sur le GR10. Le sentier s'élève à droite des lacets (direction sud). Bien suivre le balisage lorsque la montée se fait plus raide, à travers les rochers.\r\nVers 1830m on rejoint la piste. Continuer en face en suivant le balisage qui remonte le creux d'un petit défilé et croise à nouveau la piste un peu plus haut.\r\nLa suivre très brièvement, et, lorsqu'elle tourne à droite pour rejoindre l'étang d'Areau, la quitter pour continuer à gauche, en direction du col de Courbe (direction est).\r\nLe sentier laisse l'étang en contrebas sur notre droite, et se poursuit  en traversée montante jusqu'au col (direction sud-est).\r\n\r\n1h00 Col de Courbe (1960m)\r\nPoursuivre vers la droite, en traversée descendante sur un bon sentier (direction sud).\r\nOn rejoint en 10mn une petite cabane au toit pentu (la cabane est fermée à clef), au niveau des ruines de la cabane de Courbe (1910m).\r\nLe sentier, bien visible, se poursuit désormais en traversée à altitude constante (direction sud, puis sud-est).\r\nOn contourne ainsi le pic des Accenteurs, pour rejoindre sa crête nord-est au niveau de Lauze Rouge.\r\n\r\n1h20 Crête de Lauze Rouge (1950m)\r\nPoursuivre sur le sentier qui franchit à nouveau une crête.\r\nPrendre le temps de repérer l’itinéraire pas forcément évident sur cette portion: face à nous au loin se trouve le pic de Montaud dont on aperçoit à peine la pointe (direction sud).\r\nBien en avant du pic, une crête nous fait barrage. C'est un peu sur la gauche du pic de Montaud que cette crête semble la plus  accessible, et c'est par là que nous passerons, sur de douces pentes très évasées.\r\nPour l'heure, suivre le sentier qui perd très peu d'altitude (direction sud sud-ouest).\r\nOn  franchit le lit d'un ruisseau, puis on s'élève doucement un suivant à travers les rochers une vague sente pas toujours facile à conserver (direction sud).\r\nVers 2200m, on s'oriente un peu à gauche pour poursuivre à altitude constante (direction sud-est). Laisser en contrebas la cabane de Berbégué (cabane fermée) , et rejoindre rapidement la crête est du pic de Montagnol.\r\n\r\n2h30 Crête est du pic de Montagnol (2200m)\r\nSur notre se trouve pic Montaud (sommet le plus élevé au sud sud-ouest). Un peu à droite du pic, on devine l'échancrure de la Portanech d'Aurénère qui constitue notre prochain objectif.\r\nRemonter la crête à droite (direction sud-ouest).\r\nVers 2250m, suivre le sentier qui se détache à gauche de la crête. Il se poursuit en restant en hauteur, rive gauche du vallon d'Aurénère (donc sur partie droite du vallon en montant), en direction de la Portanech d'Aurénère (direction sud-ouest).\r\n\r\n3h05 Portanech d'Aurénère (2331m)\r\nRemonter à gauche la crête, sans difficulté jusqu'au sommet du pic de Montaud.\r\n\r\n3h25 Pic de Montaud (2496m)\r\n\r\nRetour par le port d'Aula    distance: 8.4km ; dénivelé: +100m -1050m ; durée: 3h15\r\n0h00 Pic de Montaud (2496m)\r\nRevenir par le même itinéraire jusqu'à la portanech d'Aurénère.\r\n\r\n0h15 Portanech d'Aurénère (2331m)\r\nSuivre une sente qui descend côté espagnol sur une vingtaine de mètres, puis se poursuit en traversée constante à droite (direction nord-ouest).\r\nAu bout de 10mn, on rejoint un replat herbeux vers 2310m. Le sentier se poursuit un peu à droite, en légère descente.\r\nRejoindre l'éperon qui nous fais face, en le franchissant sous les falaises claires.\r\n\r\n0h40 Eperon (2290m)\r\nLa suite du parcours consiste à franchir l'arête sud du tuc de Vignau. Cette arête, qui s'étale du fond de vallon jusqu’à la crête frontière, nous fait face à l'ouest.\r\nPoursuivre légèrement à droite, en faible descente (direction nord-ouest). Attention à ne pas se laisser attirer par le grand replat herbeux dans le fond de la combe sur notre gauche.\r\nVers 2240m, poursuivre sur une des sentes à altitude quasi constante. On s'oriente à gauche pour passer l'arête sud du tuc de Bignau.\r\n\r\n1h15 Arête sud du tuc de Bignau / tuc de Vinhau (2240m)\r\nPoursuivre à droite, toujours à flanc, sur un sentier nettement plus visible (direction nord-ouest).\r\nOn passe rapidement une seconde arête. Le sentier se poursuit alors à droite (direction nord). En perdant très peu d'altitude, poursuivre au nord jusqu'au rejoindre le Port d'Aula.\r\n\r\n1h45 Port d'Aula (2257m)\r\nCol frontalier. Présence d'une stèle.\r\nLes difficultés sont désormais derrière nous. Suivre face à nous le confortable sentier du GR, balisé rouge et blanc (direction est).\r\nLe sentier descend en coupant les lacets de l'ancienne piste.\r\nVers 2150m, laisser à droite l'étang de Prat Matau.\r\n\r\n2h00 Etang de Prat Matau (2140m)\r\nPoursuivre sur le sentier balisé du GRT qui emprunte la route d'Aula. On peut également couper  les lacets en suivant des pistes en descente nord.\r\nOn rejoint vers 2000m un replat où se trouve sur notre gauche une cabane privée, en surplomb de l'étang d'Areau.\r\nDescendre droit sur l'étang en suivant une sente bien visible... ou poursuivre sur la piste (plus long, mais plus reposant).\r\n\r\n2h30 Etang d'Areau (1886m)\r\nLaisser à droite le refuge ONF d'Arreou. Poursuivre sur le GR10 qui quitte rapidement la route pour plonger vers le nord. On retrouve ici l'itinéraire de l'aller qu'on suit jusqu'au parking.\r\n\r\n3h15 Col de Pause (1550m)", "altitude_depart": 2496, "altitude_max": 2496, "altitude_min": 2496, "denivele_positif": 1150, "denivele_negatif": -1150, "duree_estimee": 3.3, "difficulte_estimee": 4}}, {"model": "itineraires.experience", "pk": 1, "fields": {"choix": "Tous débutants"}}, {"model": "itineraires.experience", "pk": 2, "fields": {"choix": "Tous experts"}}, {"model": "itineraires.experience", "pk": 3, "fields": {"choix": "Mixte"}}, {"model": "itineraires.meteo", "pk": 1, "fields": {"choix": "Bonne"}}, {"model": "itineraires.meteo", "pk": 2, "fields": {"choix": "Mauvaise"}}, {"model": "itineraires.meteo", "pk": 3, "fields": {"choix": "Moyenne"}}, {"model": "auth.user", "pk": 1, "fields": {"password": "pbkdf2_sha256$320000$hZEkt4PAj3PYx4kEyIFGUI$fGC1UWBqkv0o6O/uDQwCZbPPFIeL8CA1iuuT9kJJKLI=", "last_login": "2022-04-21T21:10:20.256Z", "is_superuser": true, "username": "admin", "first_name": "", "last_name": "", "email": "drag-houssam@hotmail.fr", "is_staff": true, "is_active": true, "date_joined": "2022-04-19T08:13:41.892Z", "groups": [], "user_permissions": []}}, {"model": "auth.user", "pk": 2, "fields": {"password": "pbkdf2_sha256$320000$qz3vZEk8LuvrrsNxRNhq8F$8y63CXniL3CvC6/ZQBYTMqOstNYNEhCoMVze5wrEFRM=", "last_login": null, "is_superuser": false, "username": "Houssam", "first_name": "", "last_name": "", "email": "", "is_staff": false, "is_active": true, "date_joined": "2022-04-19T08:24:44.614Z", "groups": [], "user_permissions": []}}, {"model": "auth.user", "pk": 3, "fields": {"password": "pbkdf2_sha256$320000$zValYeulNJ04mZxzdxgM6L$WFv6Df766pjtyIU5jsNBkaWFcXHHoItQKEYj4OHHPLI=", "last_login": "2022-04-22T12:34:01.659Z", "is_superuser": false, "username": "Hakan", "first_name": "", "last_name": "", "email": "", "is_staff": false, "is_active": true, "date_joined": "2022-04-19T08:24:57Z", "groups": [], "user_permissions": []}}, {"model": "sessions.session", "pk": "g35ydps8zajl6qjrnjhwq6oggrfavbww", "fields": {"session_data": ".eJxVjMsOwiAQRf-FtSE8Lbh0328gwzBI1UBS2pXx35WkC73Le07OiwXYtxL2TmtYErswzU6_XwR8UB0g3aHeGsdWt3WJfCj8oJ3PLdHzerh_gQK9jCyStyClcBPm5LLyVqNKSvsJvyPCZITVyiEaCefstLQUpUQQxmjI7P0B80o4UQ:1nhsU5:t5sJaYmV_C0Crom6--Eu2QtbxJmjtpgPssdOQKG7bWI", "expire_date": "2022-05-06T12:34:01.667Z"}}, {"model": "sessions.session", "pk": "qb0c2s6aprm8jyf9wfh0kuh1ulbaj7be", "fields": {"session_data": ".eJxVjDsOwjAQBe_iGlnZrL-U9JzBWnttHECOFCcV4u4QKQW0b2beSwTa1hq2npcwsTgLEKffLVJ65LYDvlO7zTLNbV2mKHdFHrTL68z5eTncv4NKvX7rBKAMaOXLaHxxzjJ5LECa0SAXj9aBhSES-Kg4Zo3GoTOaBxyRjRPvD77INsc:1ngnjn:Jn5vcFe4Nc0gJyENr-gLOCZUCGOh9j3GI9z-lZax8ek", "expire_date": "2022-05-03T13:17:47.276Z"}}, {"model": "admin.logentry", "pk": 1, "fields": {"action_time": "2022-04-19T08:16:48.113Z", "user": ["admin"], "content_type": ["itineraires", "meteo"], "object_id": "1", "object_repr": "Bonne", "action_flag": 1, "change_message": "[{\"added\": {}}]"}}, {"model": "admin.logentry", "pk": 2, "fields": {"action_time": "2022-04-19T08:16:53.633Z", "user": ["admin"], "content_type": ["itineraires", "meteo"], "object_id": "2", "object_repr": "Mauvaise", "action_flag": 1, "change_message": "[{\"added\": {}}]"}}, {"model": "admin.logentry", "pk": 3, "fields": {"action_time": "2022-04-19T08:16:59.051Z", "user": ["admin"], "content_type": ["itineraires", "meteo"], "object_id": "3", "object_repr": "Moyenne", "action_flag": 1, "change_message": "[{\"added\": {}}]"}}, {"model": "admin.logentry", "pk": 4, "fields": {"action_time": "2022-04-19T08:17:18.681Z", "user": ["admin"], "content_type": ["itineraires", "experience"], "object_id": "1", "object_repr": "Tous débutants", "action_flag": 1, "change_message": "[{\"added\": {}}]"}}, {"model": "admin.logentry", "pk": 5, "fields": {"action_time": "2022-04-19T08:17:20.753Z", "user": ["admin"], "content_type": ["itineraires", "experience"], "object_id": "2", "object_repr": "Tous experts", "action_flag": 1, "change_message": "[{\"added\": {}}]"}}, {"model": "admin.logentry", "pk": 6, "fields": {"action_time": "2022-04-19T08:17:24.537Z", "user": ["admin"], "content_type": ["itineraires", "experience"], "object_id": "3", "object_repr": "Mixte", "action_flag": 1, "change_message": "[{\"added\": {}}]"}}, {"model": "admin.logentry", "pk": 7, "fields": {"action_time": "2022-04-19T08:17:56.745Z", "user": ["admin"], "content_type": ["itineraires", "niveau"], "object_id": "1", "object_repr": "1", "action_flag": 1, "change_message": "[{\"added\": {}}]"}}, {"model": "admin.logentry", "pk": 8, "fields": {"action_time": "2022-04-19T08:17:58.201Z", "user": ["admin"], "content_type": ["itineraires", "niveau"], "object_id": "2", "object_repr": "2", "action_flag": 1, "change_message": "[{\"added\": {}}]"}}, {"model": "admin.logentry", "pk": 9, "fields": {"action_time": "2022-04-19T08:17:59.065Z", "user": ["admin"], "content_type": ["itineraires", "niveau"], "object_id": "3", "object_repr": "3", "action_flag": 1, "change_message": "[{\"added\": {}}]"}}, {"model": "admin.logentry", "pk": 10, "fields": {"action_time": "2022-04-19T08:18:00.024Z", "user": ["admin"], "content_type": ["itineraires", "niveau"], "object_id": "4", "object_repr": "4", "action_flag": 1, "change_message": "[{\"added\": {}}]"}}, {"model": "admin.logentry", "pk": 11, "fields": {"action_time": "2022-04-19T08:18:01.073Z", "user": ["admin"], "content_type": ["itineraires", "niveau"], "object_id": "5", "object_repr": "5", "action_flag": 1, "change_message": "[{\"added\": {}}]"}}, {"model": "admin.logentry", "pk": 12, "fields": {"action_time": "2022-04-19T08:20:41.738Z", "user": ["admin"], "content_type": ["itineraires", "itineraire"], "object_id": "1", "object_repr": "Mont Fourca", "action_flag": 1, "change_message": "[{\"added\": {}}]"}}, {"model": "admin.logentry", "pk": 13, "fields": {"action_time": "2022-04-19T08:22:07.918Z", "user": ["admin"], "content_type": ["itineraires", "itineraire"], "object_id": "2", "object_repr": "Cabane d'Aula", "action_flag": 1, "change_message": "[{\"added\": {}}]"}}, {"model": "admin.logentry", "pk": 14, "fields": {"action_time": "2022-04-19T08:23:35.474Z", "user": ["admin"], "content_type": ["itineraires", "itineraire"], "object_id": "3", "object_repr": "Pic de Montaud", "action_flag": 1, "change_message": "[{\"added\": {}}]"}}, {"model": "admin.logentry", "pk": 15, "fields": {"action_time": "2022-04-19T08:24:04.546Z", "user": ["admin"], "content_type": ["itineraires", "sortie"], "object_id": "1", "object_repr": "admin", "action_flag": 1, "change_message": "[{\"added\": {}}]"}}, {"model": "admin.logentry", "pk": 16, "fields": {"action_time": "2022-04-19T08:24:45.184Z", "user": ["admin"], "content_type": ["auth", "user"], "object_id": "2", "object_repr": "Houssam", "action_flag": 1, "change_message": "[{\"added\": {}}]"}}, {"model": "admin.logentry", "pk": 17, "fields": {"action_time": "2022-04-19T08:24:57.956Z", "user": ["admin"], "content_type": ["auth", "user"], "object_id": "3", "object_repr": "Hakan", "action_flag": 1, "change_message": "[{\"added\": {}}]"}}, {"model": "admin.logentry", "pk": 18, "fields": {"action_time": "2022-04-19T08:25:10.724Z", "user": ["admin"], "content_type": ["auth", "user"], "object_id": "3", "object_repr": "Hakan", "action_flag": 2, "change_message": "[]"}}, {"model": "admin.logentry", "pk": 19, "fields": {"action_time": "2022-04-19T08:25:36.444Z", "user": ["admin"], "content_type": ["itineraires", "sortie"], "object_id": "2", "object_repr": "Houssam", "action_flag": 1, "change_message": "[{\"added\": {}}]"}}, {"model": "admin.logentry", "pk": 20, "fields": {"action_time": "2022-04-19T08:25:57.771Z", "user": ["admin"], "content_type": ["itineraires", "sortie"], "object_id": "3", "object_repr": "Hakan", "action_flag": 1, "change_message": "[{\"added\": {}}]"}}, {"model": "admin.logentry", "pk": 21, "fields": {"action_time": "2022-04-19T08:49:55.633Z", "user": ["admin"], "content_type": ["itineraires", "sortie"], "object_id": "4", "object_repr": "Houssam", "action_flag": 1, "change_message": "[{\"added\": {}}]"}}, {"model": "itineraires.sortie", "pk": 1, "fields": {"utilisateur": ["admin"], "itineraire": 1, "date_sortie": "2001-09-05", "duree_reelle": 2.0, "nombre_personne": 3, "experience": 2, "meteo": 1, "difficulte_ressentie": 5}}, {"model": "itineraires.sortie", "pk": 2, "fields": {"utilisateur": ["Houssam"], "itineraire": 2, "date_sortie": "2022-04-19", "duree_reelle": 3.0, "nombre_personne": 4, "experience": 3, "meteo": 2, "difficulte_ressentie": 3}}, {"model": "itineraires.sortie", "pk": 3, "fields": {"utilisateur": ["Hakan"], "itineraire": 3, "date_sortie": "2022-04-19", "duree_reelle": 4.0, "nombre_personne": 3, "experience": 3, "meteo": 2, "difficulte_ressentie": 4}}, {"model": "itineraires.sortie", "pk": 4, "fields": {"utilisateur": ["Houssam"], "itineraire": 1, "date_sortie": "2022-04-19", "duree_reelle": 3.0, "nombre_personne": 4, "experience": 1, "meteo": 2, "difficulte_ressentie": 3}}, {"model": "itineraires.sortie", "pk": 5, "fields": {"utilisateur": ["Hakan"], "itineraire": 2, "date_sortie": "2022-04-19", "duree_reelle": 2.0, "nombre_personne": 2, "experience": 1, "meteo": 1, "difficulte_ressentie": 1}}, {"model": "itineraires.sortie", "pk": 6, "fields": {"utilisateur": ["Houssam"], "itineraire": 2, "date_sortie": "2022-04-19", "duree_reelle": 2.0, "nombre_personne": 2, "experience": 1, "meteo": 1, "difficulte_ressentie": 1}}, {"model": "itineraires.sortie", "pk": 7, "fields": {"utilisateur": ["admin"], "itineraire": 3, "date_sortie": "2022-04-19", "duree_reelle": 3.0, "nombre_personne": 2, "experience": 1, "meteo": 1, "difficulte_ressentie": 1}}, {"model": "itineraires.sortie", "pk": 8, "fields": {"utilisateur": ["admin"], "itineraire": 1, "date_sortie": "2022-04-19", "duree_reelle": 3.0, "nombre_personne": 2, "experience": 1, "meteo": 1, "difficulte_ressentie": 2}}, {"model": "itineraires.sortie", "pk": 9, "fields": {"utilisateur": ["Houssam"], "itineraire": 1, "date_sortie": "2022-04-19", "duree_reelle": 2.0, "nombre_personne": 2, "experience": 1, "meteo": 1, "difficulte_ressentie": 2}}, {"model": "itineraires.sortie", "pk": 10, "fields": {"utilisateur": ["Hakan"], "itineraire": 1, "date_sortie": "2022-04-19", "duree_reelle": 0.0, "nombre_personne": 2, "experience": 1, "meteo": 1, "difficulte_ressentie": 1}}, {"model": "itineraires.sortie", "pk": 11, "fields": {"utilisateur": ["admin"], "itineraire": 1, "date_sortie": "2022-04-19", "duree_reelle": 1.0, "nombre_personne": 1, "experience": 1, "meteo": 1, "difficulte_ressentie": 1}}, {"model": "itineraires.sortie", "pk": 12, "fields": {"utilisateur": ["Hakan"], "itineraire": 1, "date_sortie": "2026-04-19", "duree_reelle": 2.0, "nombre_personne": 2, "experience": 1, "meteo": 2, "difficulte_ressentie": 2}}, {"model": "itineraires.sortie", "pk": 13, "fields": {"utilisateur": ["admin"], "itineraire": 3, "date_sortie": "2022-04-19", "duree_reelle": 2.5, "nombre_personne": 2, "experience": 1, "meteo": 1, "difficulte_ressentie": 2}}, {"model": "itineraires.sortie", "pk": 14, "fields": {"utilisateur": ["admin"], "itineraire": 1, "date_sortie": "2022-04-19", "duree_reelle": 3.0, "nombre_personne": 3, "experience": 1, "meteo": 1, "difficulte_ressentie": 2}}, {"model": "itineraires.sortie", "pk": 15, "fields": {"utilisateur": ["admin"], "itineraire": 1, "date_sortie": "2022-04-19", "duree_reelle": 3.0, "nombre_personne": 2, "experience": 1, "meteo": 1, "difficulte_ressentie": 3}}, {"model": "itineraires.sortie", "pk": 16, "fields": {"utilisateur": ["admin"], "itineraire": 1, "date_sortie": "2002-09-05", "duree_reelle": 4.0, "nombre_personne": 2, "experience": 1, "meteo": 2, "difficulte_ressentie": 3}}, {"model": "itineraires.sortie", "pk": 17, "fields": {"utilisateur": ["admin"], "itineraire": 1, "date_sortie": "2022-05-19", "duree_reelle": 2.0, "nombre_personne": 2, "experience": 1, "meteo": 2, "difficulte_ressentie": 1}}, {"model": "itineraires.sortie", "pk": 18, "fields": {"utilisateur": ["admin"], "itineraire": 1, "date_sortie": "2022-05-19", "duree_reelle": 2.0, "nombre_personne": 2, "experience": 1, "meteo": 2, "difficulte_ressentie": 1}}, {"model": "itineraires.sortie", "pk": 19, "fields": {"utilisateur": ["admin"], "itineraire": 1, "date_sortie": "2005-09-05", "duree_reelle": 1.0, "nombre_personne": 2, "experience": 1, "meteo": 2, "difficulte_ressentie": 2}}, {"model": "itineraires.sortie", "pk": 20, "fields": {"utilisateur": ["admin"], "itineraire": 1, "date_sortie": "2022-04-19", "duree_reelle": 3.0, "nombre_personne": 3, "experience": 1, "meteo": 1, "difficulte_ressentie": 1}}, {"model": "itineraires.sortie", "pk": 21, "fields": {"utilisateur": ["admin"], "itineraire": 1, "date_sortie": "2000-09-05", "duree_reelle": 2.0, "nombre_personne": 1, "experience": 1, "meteo": 1, "difficulte_ressentie": 1}}, {"model": "itineraires.sortie", "pk": 22, "fields": {"utilisateur": ["admin"], "itineraire": 1, "date_sortie": "2023-04-19", "duree_reelle": 2.0, "nombre_personne": 2, "experience": 1, "meteo": 2, "difficulte_ressentie": 2}}, {"model": "itineraires.sortie", "pk": 23, "fields": {"utilisateur": ["Hakan"], "itineraire": 1, "date_sortie": "2000-09-05", "duree_reelle": 2.0, "nombre_personne": 3, "experience": 1, "meteo": 1, "difficulte_ressentie": 1}}]